Year,race,Adams,Alexander,Bond,Boone,Brown,Bureau,Calhoun,Carroll,Cass,Champaign,Christian,Clark,Clay,Clinton,Coles,Crawford,Cumberland,Dekalb,Dewitt,Douglas,Dupage,Edgar,Edwards,Effingham,Fayette,Ford,Franklin,Fulton,Gallatin,Greene,Grundy,Hamilton,Hancock,Hardin,Henderson,Henry,Iroquois,Jackson,Jasper,Jefferson,Jersey,Jo daviess,Johnson,Kane,Kankakee,Kendall,Knox,Lake,Lasalle,Lawrence,Lee,Livingston,Logan,Macon,Macoupin,Madison,Marion,Marshall,Mason,Massac,Mcdonough,Mchenry,Mclean,Menard,Mercer,Monroe,Montgomery,Morgan,Moultrie,Non county agencies,Ogle,Peoria,Perry,Piatt,Pike,Pope,Pulaski,Putnam,Randolph,Richland,Rock island,Saline,Sangamon,Schuyler,Scott,Shelby,St. clair,Stark,Stephenson,Tazewell,Union,Vermilion,Wabash,Warren,Washington,Wayne,White,Whiteside,Will,Williamson,Winnebago,Woodford,Cook
2001,Black,226,147,25,18,18,48,6,12,0,2059,16,6,0,22,130,6,0,342,11,18,2265,0,0,108,6,0,6,25,0,0,52,0,0,0,6,92,250,580,0,246,6,16,16,2804,1669,122,314,5712,184,6,86,180,71,1104,34,1567,146,6,0,91,105,213,905,0,6,20,38,287,6,0,57,3403,60,0,13,0,153,0,81,6,1215,104,2200,6,0,0,2462,0,355,168,17,876,6,46,25,6,16,128,3000,75,2509,42,113082
2001,Asian,0,0,0,0,0,0,0,0,0,49,0,0,0,0,0,0,0,15,0,0,139,0,0,0,0,0,0,0,0,0,0,0,0,0,0,0,0,0,0,0,0,0,0,97,0,0,0,135,0,0,0,0,0,0,0,12,0,0,0,0,6,6,16,0,0,0,0,0,0,0,0,12,0,0,0,0,0,0,0,0,0,0,17,0,0,0,6,0,0,6,0,0,0,0,0,0,0,0,14,0,28,0,1182
2001,Hispanic,0,0,0,0,0,0,0,0,0,0,0,0,0,0,0,0,0,0,0,0,0,0,0,0,0,0,0,0,0,0,0,0,0,0,0,0,0,0,0,0,0,0,0,0,0,0,0,0,0,0,0,0,0,0,0,0,0,0,0,0,0,0,0,0,0,0,0,0,0,0,0,0,0,0,0,0,0,0,0,0,0,0,0,0,0,0,0,0,0,0,0,0,0,0,0,0,0,0,0,0,0,0,2
2001,Native American,0,0,0,0,0,0,0,0,0,0,0,0,0,0,0,0,0,0,0,0,17,0,0,0,0,0,0,0,0,0,0,0,0,0,0,0,0,0,0,0,0,0,0,16,0,0,0,10,0,0,0,0,0,0,0,6,0,0,0,0,0,0,6,0,0,0,0,0,0,0,0,0,0,0,0,0,0,0,0,0,0,0,6,0,0,0,0,0,0,0,0,0,0,0,0,0,0,0,0,0,6,0,176
2001,White,939,52,209,674,107,509,139,298,88,2334,335,264,117,229,1635,470,164,1740,539,181,13019,301,41,986,382,217,724,926,19,57,1014,78,206,75,134,569,585,857,87,607,575,532,198,9634,1607,1465,1160,15136,2689,412,845,1146,586,1388,523,4359,571,263,274,455,1007,3879,2285,92,410,572,749,1053,149,0,1009,3120,430,211,368,45,248,151,460,323,3117,711,3635,274,22,486,1601,59,644,1804,327,1743,324,444,265,245,668,1304,4144,631,4253,462,73789
2002,Black,185,250,25,41,24,49,0,6,6,2053,10,0,0,31,158,14,6,320,24,0,2297,0,0,128,0,0,6,28,0,0,49,0,6,0,6,81,267,677,0,214,16,20,14,2793,2070,150,328,6035,227,17,72,176,80,1204,73,1456,163,6,0,109,122,233,956,0,13,22,42,362,6,17,77,4480,84,12,17,0,183,0,65,11,1434,126,2447,0,0,6,2651,0,495,140,6,735,6,35,10,6,21,146,3116,121,2630,79,109762
2002,Asian,0,0,0,0,0,0,0,0,0,41,0,0,0,0,0,0,0,6,0,0,155,0,0,0,0,0,0,0,0,0,0,0,0,0,0,0,0,6,0,0,0,0,0,85,0,0,0,122,6,0,0,0,0,0,0,18,0,0,0,0,0,6,17,0,0,0,0,0,0,0,0,6,0,0,0,0,0,0,0,0,6,0,11,0,0,0,15,0,0,0,0,0,0,0,0,0,0,0,24,0,38,0,1285
2002,Hispanic,0,0,0,0,0,0,0,0,0,0,0,0,0,0,0,0,0,0,0,0,0,0,0,0,0,0,0,0,0,0,0,0,0,0,0,0,0,0,0,0,0,0,0,0,0,0,0,0,0,0,0,0,0,0,0,0,0,0,0,0,0,0,0,0,0,0,0,0,0,0,0,0,0,0,0,0,0,0,0,0,0,0,0,0,0,0,0,0,0,0,0,0,0,0,0,0,0,0,0,0,0,0,2
2002,Native American,0,0,0,0,0,0,0,0,0,6,0,0,0,0,0,0,0,0,0,0,18,0,0,0,0,0,0,0,0,0,0,0,0,0,0,0,0,0,0,0,0,0,0,0,0,0,0,14,0,0,0,0,0,6,0,0,0,0,0,0,0,0,0,0,0,0,0,0,0,0,0,0,0,0,0,0,0,0,0,0,0,0,0,0,0,0,0,0,0,0,0,0,0,0,0,0,0,0,6,0,17,0,176
2002,White,1045,86,231,630,149,557,138,317,151,2429,591,320,118,297,1385,421,212,1822,493,179,13333,285,68,1100,373,189,741,837,6,83,1086,53,243,56,141,640,760,1168,114,635,619,510,174,9581,2238,1527,1105,15520,2610,430,777,1077,854,1427,738,4445,595,258,360,539,1062,4353,2517,186,423,712,876,1206,143,13,1259,3874,660,220,433,17,263,109,444,317,3441,801,4072,166,31,466,2123,58,625,2011,265,1438,388,326,236,245,768,1453,4802,821,4579,659,75801
2003,Black,194,208,33,41,14,39,0,13,0,2254,13,6,0,42,116,15,6,334,23,13,2295,6,0,113,6,12,6,43,0,0,34,0,0,0,10,107,256,647,0,277,28,19,16,2973,1625,133,342,5872,261,21,69,193,89,1011,74,1681,138,0,10,98,133,263,1019,17,16,33,34,398,6,21,95,4326,70,6,25,0,183,6,70,6,1483,127,2540,0,0,0,4063,0,452,187,6,656,6,17,12,6,28,116,3031,122,2962,92,109227
2003,Asian,0,0,0,0,0,0,0,0,0,48,0,0,0,0,0,0,0,12,0,0,128,0,0,0,0,0,0,0,0,0,0,0,0,0,0,0,0,6,0,0,0,0,0,93,0,0,0,141,6,0,0,0,0,6,0,10,0,0,0,0,6,10,13,0,0,0,0,0,0,0,0,12,0,0,0,0,0,0,0,0,6,0,12,0,0,0,22,0,0,0,0,0,0,0,0,0,0,0,20,0,42,6,1295
2003,Hispanic,0,0,0,0,0,0,0,0,0,0,0,0,0,0,0,0,0,0,0,0,0,0,0,0,0,0,0,0,0,0,0,0,0,0,0,0,0,0,0,0,0,0,0,0,0,0,0,0,0,0,0,0,0,0,0,0,0,0,0,0,0,0,0,0,0,0,0,0,0,0,0,0,0,0,0,0,0,0,0,0,0,0,0,0,0,0,0,0,0,0,0,0,0,0,0,0,0,0,0,0,0,0,2
2003,Native American,0,0,0,0,0,0,0,0,0,15,0,0,0,0,0,0,0,0,0,0,6,0,0,0,0,0,0,0,0,0,0,0,0,0,0,0,0,0,0,0,0,0,0,6,0,6,0,12,0,0,0,0,0,0,0,0,0,0,0,0,0,0,0,0,0,0,0,0,0,0,0,6,0,0,0,0,0,0,0,0,0,0,0,0,0,0,6,0,0,0,0,0,0,0,0,0,0,0,6,0,24,0,181
2003,White,872,61,259,756,156,577,145,301,143,2343,475,421,172,488,1328,442,245,1787,391,244,13529,377,47,1153,369,249,1008,889,83,142,965,63,276,82,184,579,677,1268,74,776,909,426,214,10410,1825,1235,944,15332,2728,540,783,1236,745,1103,889,5082,640,255,410,524,1036,5422,2512,204,480,638,856,1264,168,24,1243,3766,564,174,466,30,253,92,468,225,3402,881,4156,104,38,475,2733,70,618,1807,235,1345,343,280,287,294,776,1251,4614,850,5015,621,80360
2004,Black,156,198,32,61,6,33,0,6,12,2606,18,0,6,46,132,18,6,356,11,21,2531,6,0,104,6,0,17,25,0,0,40,0,6,0,18,110,226,491,0,387,27,29,16,3213,1570,144,412,3696,231,17,95,204,94,1106,42,1715,175,6,6,94,135,309,997,6,25,34,50,347,0,96,97,4164,76,6,21,0,117,6,87,6,1390,113,2655,6,0,0,3647,0,536,130,6,813,11,30,10,0,27,177,2889,151,3138,98,109562
2004,Asian,0,0,0,0,0,0,0,0,0,74,0,0,0,0,0,0,0,6,0,0,216,0,0,0,0,0,0,0,0,0,0,0,0,0,0,0,0,6,0,0,0,0,0,93,0,6,0,117,6,0,0,0,0,0,0,16,0,0,0,6,6,18,18,0,0,0,0,0,0,0,0,6,0,0,0,0,0,0,0,0,6,0,16,0,0,0,24,0,0,0,0,0,0,0,0,0,0,0,27,0,25,0,1351
2004,Hispanic,0,0,0,0,0,0,0,0,0,0,0,0,0,0,0,0,0,0,0,0,0,0,0,0,0,0,0,0,0,0,0,0,0,0,0,0,0,0,0,0,0,0,0,0,0,0,0,0,0,0,0,0,0,0,0,0,0,0,0,0,0,0,0,0,0,0,0,0,0,0,0,0,0,0,0,0,0,0,0,0,0,0,0,0,0,0,0,0,0,0,0,0,0,0,0,0,0,0,0,0,0,0,2
2004,Native American,0,0,0,0,0,0,0,0,0,59,0,0,0,0,0,0,0,6,0,0,23,0,0,0,0,0,0,0,0,0,0,0,0,0,0,0,0,0,0,0,0,0,0,6,0,0,0,14,0,0,0,0,0,0,0,0,0,0,0,0,0,0,0,0,0,0,0,0,0,0,0,0,0,0,0,0,0,0,0,0,0,0,6,0,0,0,0,0,0,0,0,0,0,0,0,0,0,0,6,0,6,0,145
2004,White,821,65,248,727,146,441,155,269,181,2731,503,324,349,761,1277,469,279,1940,346,266,13963,414,75,1190,358,209,1043,756,72,112,1007,41,263,72,221,570,738,909,92,831,856,504,254,10251,1985,1626,1173,12474,3134,501,751,1364,830,1165,794,5203,688,256,464,493,1230,6370,2421,202,518,691,910,1229,180,77,1273,3602,538,205,345,58,253,119,492,245,3299,768,4056,141,26,527,2588,70,832,1872,287,1649,312,250,298,229,702,1178,5035,1094,5325,729,80683
2005,Black,229,137,36,47,12,65,0,6,10,2409,11,0,6,51,188,19,6,410,20,27,2869,0,0,150,24,13,6,16,0,0,40,0,13,0,14,121,183,309,0,349,17,29,26,3468,1473,248,400,3741,310,17,79,266,114,1162,42,2185,235,0,17,95,118,415,1264,6,21,30,51,263,6,71,90,4503,118,6,28,0,117,6,81,10,1401,81,2523,11,0,10,3221,0,631,269,28,534,0,39,25,0,27,170,3186,225,3313,129,110357
2005,Asian,0,0,0,0,0,0,0,0,0,73,0,0,0,0,0,0,0,14,0,0,222,0,0,0,0,0,0,0,0,0,0,0,0,0,0,0,0,6,0,0,0,0,0,100,6,6,0,159,6,0,0,6,0,0,0,18,0,0,0,0,0,21,25,0,0,0,0,0,0,0,0,6,0,0,0,0,0,0,0,0,6,0,14,0,0,0,14,0,0,6,0,0,0,0,0,0,0,6,36,0,29,6,1485
2005,Hispanic,0,0,0,0,0,0,0,0,0,0,0,0,0,0,0,0,0,0,0,0,0,0,0,0,0,0,0,0,0,0,0,0,0,0,0,0,0,0,0,0,0,0,0,0,0,0,0,0,0,0,0,0,0,0,0,0,0,0,0,0,0,0,0,0,0,0,0,0,0,0,0,0,0,0,0,0,0,0,0,0,0,0,0,0,0,0,0,0,0,0,0,0,0,0,0,0,0,0,0,0,0,0,2
2005,Native American,0,0,0,0,0,0,0,0,0,22,0,0,0,0,0,0,0,0,0,0,42,0,0,0,0,0,0,0,0,0,0,0,0,0,0,0,0,0,0,0,0,0,0,6,0,6,0,13,6,0,0,0,0,0,0,0,0,0,0,0,0,6,0,0,0,0,0,0,0,0,0,6,0,0,0,0,0,0,0,0,0,0,0,0,0,0,0,0,0,0,0,0,0,0,0,0,0,0,6,0,0,0,189
2005,White,894,55,242,684,146,654,128,340,155,2665,582,337,290,595,1273,471,269,1952,359,302,14726,450,77,1242,443,238,995,770,53,110,879,48,309,102,150,710,671,744,100,896,729,473,204,11374,1853,2181,1052,12558,3169,544,813,1367,935,1291,619,6214,779,264,428,534,1197,6994,2407,182,484,609,838,911,173,61,1328,3943,715,222,433,41,348,105,625,221,2868,717,3867,149,16,497,2555,91,874,2521,452,1255,305,328,330,164,750,1267,5975,1485,5899,824,82863
2006,Black,181,167,25,58,6,46,0,11,18,2601,23,6,0,44,175,14,0,524,16,24,3188,0,0,126,46,14,13,48,0,0,57,0,0,0,14,164,174,618,0,432,19,36,17,3533,1414,201,394,4188,347,28,80,247,88,1250,29,2288,257,12,6,116,123,380,1370,17,18,41,56,328,11,110,88,4719,105,6,50,0,193,0,78,13,1481,90,2784,6,0,6,2844,0,636,392,25,881,6,53,25,0,33,161,3439,217,3121,240,102332
2006,Asian,6,0,0,0,0,0,0,0,0,68,0,0,0,0,0,0,0,14,0,0,225,0,0,0,0,0,0,0,0,0,0,0,0,0,0,0,0,24,0,0,0,0,0,122,0,6,0,153,6,0,0,6,0,0,0,27,0,0,0,0,0,18,30,0,0,0,0,0,0,0,0,6,0,0,0,0,0,0,0,0,6,0,10,0,0,0,12,0,0,11,0,0,0,0,0,0,0,0,43,0,31,10,1434
2006,Hispanic,0,0,0,0,0,0,0,0,0,0,0,0,0,0,0,0,0,0,0,0,0,0,0,0,0,0,0,0,0,0,0,0,0,0,0,0,0,0,0,0,0,0,0,0,0,0,0,0,0,0,0,0,0,0,0,0,0,0,0,0,0,0,0,0,0,0,0,0,0,0,0,0,0,0,0,0,0,0,0,0,0,0,0,0,0,0,0,0,0,0,0,0,0,0,0,0,0,0,0,0,0,0,2
2006,Native American,0,0,0,0,0,0,0,0,0,25,0,0,0,0,0,0,0,0,0,0,60,0,0,0,0,0,0,0,0,0,0,0,0,0,0,0,0,0,0,0,0,0,0,10,0,0,0,13,0,0,0,0,0,0,0,0,0,0,0,0,0,6,6,0,0,0,0,0,0,0,0,0,0,0,0,0,0,0,0,0,0,0,0,0,0,0,0,0,0,0,0,0,0,0,0,0,0,0,13,0,11,0,157
2006,White,894,70,204,860,182,575,121,292,210,2564,518,318,248,543,1317,537,242,2320,381,299,15417,258,32,1092,456,227,1068,825,30,126,917,36,313,85,168,762,595,987,103,761,563,438,215,11863,1909,1927,998,11976,3170,494,915,1111,837,1248,584,6214,850,266,390,458,1076,7104,2659,287,490,594,933,1054,178,106,1062,3843,759,220,464,34,289,100,674,392,3186,579,3950,148,14,530,2563,79,880,3333,252,1470,334,405,295,166,743,1297,6568,1560,5549,935,80456
2007,Black,210,171,27,72,0,41,6,14,11,2774,22,6,10,41,147,6,6,652,17,23,3008,6,0,157,57,11,22,36,0,6,51,0,6,0,6,153,135,819,0,385,26,49,12,3550,1490,249,343,4577,397,13,121,232,85,1346,37,2430,214,11,6,125,104,340,1438,17,14,44,50,350,6,58,83,4537,115,12,40,0,242,6,139,16,1730,124,3102,0,0,0,2564,0,652,313,14,821,11,55,25,0,24,180,3527,181,1610,261,103294
2007,Asian,0,0,0,0,0,0,0,0,0,59,0,0,0,0,0,0,0,12,0,0,229,0,0,6,6,0,0,0,0,0,0,0,0,0,0,0,0,16,0,0,0,0,0,128,6,6,0,178,6,0,0,0,0,6,0,29,0,0,0,15,6,35,33,0,0,0,0,6,0,0,0,10,0,0,0,0,0,0,0,0,6,0,25,0,0,0,23,0,0,13,0,0,0,0,0,0,0,0,41,6,30,6,1547
2007,Hispanic,0,0,0,0,0,0,0,0,0,0,0,0,0,0,0,0,0,0,0,0,0,0,0,0,0,0,0,0,0,0,0,0,0,0,0,0,0,0,0,0,0,0,0,0,0,0,0,0,0,0,0,0,0,0,0,0,0,0,0,0,0,0,0,0,0,0,0,0,0,0,0,0,0,0,0,0,0,0,0,0,0,0,0,0,0,0,0,0,0,0,0,0,0,0,0,0,0,0,0,0,0,0,2
2007,Native American,0,0,0,0,0,0,0,0,0,33,0,0,0,0,0,0,0,0,0,0,72,0,0,0,0,0,0,0,0,0,0,0,0,0,0,0,0,0,0,0,0,0,0,6,0,0,0,11,0,0,0,0,0,0,0,6,0,0,0,0,0,0,0,0,0,0,0,0,0,0,0,0,0,0,0,0,0,0,0,0,0,0,0,0,0,0,0,0,6,0,0,0,0,0,0,0,0,0,6,0,0,0,156
2007,White,794,109,203,849,163,618,95,237,197,2538,555,337,314,540,1049,442,226,2361,385,316,15013,226,33,1217,522,240,1047,749,75,223,920,43,288,108,196,925,643,961,134,765,767,450,235,12191,1890,1765,1023,11757,3069,372,877,946,683,1560,553,6630,803,346,400,505,970,6906,2606,287,398,645,1031,1315,196,49,1136,4158,742,235,630,52,342,95,821,298,3003,776,4046,103,23,502,2638,75,841,3482,276,1406,346,455,254,162,569,1363,6312,1311,3005,937,82873
2008,Black,203,187,32,90,0,33,0,11,17,2619,15,6,6,56,159,22,6,743,39,19,3211,0,0,230,51,29,26,25,6,0,76,0,0,0,10,175,110,788,0,424,21,47,13,3665,1518,265,340,4682,365,19,97,222,107,1504,29,2840,272,0,11,104,146,316,1499,6,11,58,59,446,16,17,69,4548,100,19,39,6,208,0,136,14,1622,131,3629,6,0,0,2762,0,669,329,16,861,0,59,6,0,21,182,3398,230,3250,201,97652
2008,Asian,6,0,0,0,0,0,0,0,0,55,0,0,0,0,0,0,0,18,0,0,219,0,0,6,0,0,0,0,0,0,0,0,0,0,0,6,0,15,0,0,0,0,0,135,0,0,0,164,10,0,0,6,0,11,0,22,0,0,0,0,6,25,37,0,0,0,6,0,0,0,0,6,0,0,0,0,0,0,0,0,6,0,29,0,0,0,18,0,0,0,0,0,0,0,0,0,0,0,44,0,48,6,1634
2008,Hispanic,0,0,0,0,0,0,0,0,0,0,0,0,0,0,0,0,0,0,0,0,0,0,0,0,0,0,0,0,0,0,0,0,0,0,0,0,0,0,0,0,0,0,0,0,0,0,0,0,0,0,0,0,0,0,0,0,0,0,0,0,0,0,0,0,0,0,0,0,0,0,0,0,0,0,0,0,0,0,0,0,0,0,0,0,0,0,0,0,0,0,0,0,0,0,0,0,0,0,0,0,0,0,2
2008,Native American,0,0,0,0,0,0,0,0,0,21,0,0,0,0,0,0,0,0,0,0,52,0,0,0,0,0,0,0,0,0,0,0,0,0,0,0,0,0,0,0,0,0,0,11,0,0,0,16,0,0,0,0,0,0,0,6,0,0,0,0,0,0,0,0,0,0,0,0,0,0,0,0,0,0,0,0,0,0,0,0,0,0,6,0,0,0,0,0,0,0,0,0,0,0,0,0,0,0,6,0,10,0,142
2008,White,807,113,153,864,148,535,74,256,162,2549,525,307,233,578,1155,529,232,2213,350,275,14027,285,36,1401,525,257,1200,777,62,287,928,39,205,54,147,858,638,936,180,697,848,383,199,12114,1917,1882,1056,11557,3414,380,824,1126,682,1953,563,7117,950,225,400,504,1153,7042,2463,232,382,639,1238,1329,199,28,1101,3727,679,225,552,23,347,86,951,392,3327,704,4408,116,14,487,2682,77,861,3389,256,1729,366,504,230,210,541,1345,5998,1242,5189,862,79290
2009,Black,189,202,21,77,0,28,0,16,22,2606,16,6,0,39,213,27,6,785,35,14,3086,6,0,281,15,25,33,37,0,6,135,0,0,0,12,158,156,620,0,398,25,38,15,3768,1303,251,335,4465,348,20,75,236,131,1551,24,2993,273,10,11,93,159,342,1405,6,13,50,78,467,10,40,70,4350,104,22,40,0,294,0,110,13,1535,138,3455,11,0,6,3593,0,590,354,14,836,6,70,13,0,29,176,3113,238,3459,131,90994
2009,Asian,0,0,0,0,0,0,0,0,0,63,0,0,0,0,0,0,0,18,0,0,217,0,0,0,0,0,0,0,0,0,6,0,0,0,0,0,0,11,0,6,0,0,0,147,0,6,0,140,17,0,0,6,0,0,0,32,0,0,0,0,0,27,35,0,0,0,6,0,0,0,0,13,0,0,0,0,0,0,0,0,12,0,26,0,0,0,23,0,0,6,0,0,0,0,0,0,0,0,45,0,40,6,1578
2009,Hispanic,0,0,0,0,0,0,0,0,0,0,0,0,0,0,0,0,0,0,0,0,0,0,0,0,0,0,0,0,0,0,0,0,0,0,0,0,0,0,0,0,0,0,0,0,0,0,0,0,0,0,0,0,0,0,0,0,0,0,0,0,0,0,0,0,0,0,0,0,0,0,0,0,0,0,0,0,0,0,0,0,0,0,0,0,0,0,0,0,0,0,0,0,0,0,0,0,0,0,0,0,0,0,2
2009,Native American,0,0,0,0,0,0,0,0,0,25,0,0,0,0,0,0,0,0,0,0,44,0,0,0,0,0,0,0,0,0,0,0,0,0,0,0,0,0,0,0,0,0,0,6,0,0,0,14,0,0,0,0,0,0,0,6,0,0,0,0,0,0,6,0,0,0,0,0,0,0,0,6,0,0,0,0,0,0,0,0,0,0,11,0,0,0,0,0,0,0,0,0,0,0,0,0,0,0,0,0,6,0,122
2009,White,908,94,194,803,108,575,81,268,145,2389,512,316,224,541,1294,469,222,2136,364,240,12789,442,32,1465,362,317,1165,861,62,297,1084,15,185,85,110,826,636,870,183,757,845,417,151,11811,1737,1907,1082,10771,3109,514,832,1232,792,2040,532,7054,1123,228,391,465,1176,6355,2555,207,381,514,1139,1353,191,49,1032,3828,874,319,519,10,343,59,839,428,3418,746,4330,92,26,551,2698,65,737,3459,293,1498,386,572,238,265,549,1359,5999,1264,5471,732,75952
2010,Black,213,168,15,70,0,32,6,6,16,2296,22,20,6,39,210,12,16,792,31,10,3125,16,0,353,37,12,22,22,0,6,127,0,0,0,13,129,188,793,0,343,30,83,14,3076,1284,260,378,3614,380,13,106,226,120,1527,41,2687,226,6,10,80,196,277,1233,11,6,37,82,421,6,27,72,3891,154,42,46,0,215,0,113,6,1421,103,3134,0,0,6,3403,0,649,454,14,723,6,51,27,6,33,130,2822,239,3119,198,86353
2010,Asian,0,0,0,0,0,0,0,0,0,64,0,0,0,6,0,0,0,26,0,0,240,6,0,0,0,0,0,0,0,0,0,0,0,0,0,0,0,14,0,0,0,0,0,125,0,6,0,124,10,0,0,6,0,6,0,35,0,0,0,6,6,44,19,0,0,0,6,0,0,0,0,10,0,0,0,0,0,0,0,0,12,0,17,0,0,0,10,0,6,12,0,0,0,0,0,0,0,6,41,6,51,0,1589
2010,Hispanic,0,0,0,0,0,0,0,0,0,0,0,0,0,0,0,0,0,0,0,0,0,0,0,0,0,0,0,0,0,0,0,0,0,0,0,0,0,0,0,0,0,0,0,0,0,0,0,0,0,0,0,0,0,0,0,0,0,0,0,0,0,0,0,0,0,0,0,0,0,0,0,0,0,0,0,0,0,0,0,0,0,0,0,0,0,0,0,0,0,0,0,0,0,0,0,0,0,0,0,0,0,0,2
2010,Native American,0,0,0,0,0,0,0,0,0,15,0,0,0,0,0,0,0,0,0,0,46,0,0,0,0,0,0,0,0,0,0,0,0,0,0,0,0,0,0,0,0,0,0,0,0,0,0,6,0,0,0,0,0,0,0,6,0,0,0,0,0,0,0,0,0,0,0,0,0,0,0,0,0,0,0,0,0,0,0,0,0,0,0,0,0,6,6,0,0,0,0,0,0,0,0,0,0,0,0,0,11,0,113
2010,White,853,56,149,826,90,531,77,297,157,2014,478,301,213,506,1187,448,191,2058,386,175,12454,451,19,1455,608,307,1117,812,6,301,958,42,150,51,145,687,545,812,122,605,868,382,138,10554,1627,1784,977,10209,2806,491,785,1169,684,1870,502,6460,1109,217,363,414,1080,6048,2379,233,448,551,793,1250,132,38,849,3137,820,249,433,6,264,83,732,319,3071,615,3923,88,34,392,2788,79,703,3518,232,1185,286,475,301,233,608,1224,5712,1325,5033,742,72275
2011,Black,185,104,21,73,0,19,0,10,14,2307,25,16,6,49,190,18,6,917,21,10,2949,6,0,253,26,18,30,38,0,6,101,0,0,0,23,111,105,756,0,237,31,64,11,2715,1387,243,357,3705,366,18,114,182,137,1489,30,2638,209,6,10,95,224,305,1305,6,6,32,74,437,6,30,55,3935,122,52,26,0,213,6,113,6,1365,79,3523,6,0,0,3114,0,568,548,16,811,6,71,17,13,28,164,2946,179,2806,181,82966
2011,Asian,0,0,0,0,0,0,0,0,0,70,0,0,0,0,0,0,0,20,0,0,245,0,0,10,0,0,0,0,0,0,0,0,0,0,0,0,0,11,0,0,0,0,0,132,6,0,0,131,6,0,0,6,6,6,0,31,0,0,0,0,6,25,37,0,0,0,0,0,0,0,0,6,0,0,0,0,0,0,0,0,20,0,27,0,0,0,21,0,0,6,0,0,0,13,0,0,0,0,45,0,43,6,1402
2011,Hispanic,0,0,0,0,0,0,0,0,0,0,0,0,0,0,0,0,0,0,0,0,0,0,0,0,0,0,0,0,0,0,0,0,0,0,0,0,0,0,0,0,0,0,0,0,0,0,0,0,0,0,0,0,0,0,0,0,0,0,0,0,0,0,0,0,0,0,0,0,0,0,0,0,0,0,0,0,0,0,0,0,0,0,0,0,0,0,0,0,0,0,0,0,0,0,0,0,0,0,0,0,0,0,2
2011,Native American,0,0,0,0,0,0,0,0,0,19,0,0,0,0,0,0,0,6,0,0,47,0,0,0,0,0,0,0,0,0,0,0,0,0,0,0,0,0,0,0,0,0,0,10,0,0,0,13,0,0,0,0,0,0,0,6,0,0,0,0,0,0,0,0,0,0,0,0,0,0,0,0,0,0,0,0,0,0,0,0,0,0,0,0,0,0,0,0,0,6,0,0,0,0,0,0,0,0,0,0,6,0,102
2011,White,810,68,153,722,72,471,97,296,113,2031,541,333,247,507,1137,432,169,2094,322,229,12307,363,48,1353,547,298,1077,694,6,312,1003,30,185,104,154,645,538,820,127,454,760,369,138,8796,1605,1512,980,9247,3050,521,796,1158,696,1721,415,6586,1050,173,299,488,889,5870,2449,206,312,474,873,1354,161,44,751,3208,782,254,325,24,279,98,674,258,3056,547,4347,78,17,504,2628,68,749,3567,280,1449,292,539,222,344,608,1147,5405,1315,4759,638,69527
2012,Black,210,109,13,35,0,40,0,15,25,2138,23,6,0,38,203,13,11,928,22,14,3016,17,0,208,46,10,49,37,0,11,130,0,0,0,18,105,127,784,0,179,26,25,6,2860,1264,216,394,3493,315,21,81,186,148,1422,27,2656,179,11,6,88,297,298,1437,11,11,31,81,369,6,66,75,3775,102,32,30,6,178,0,88,6,1319,91,3394,11,0,6,3800,0,537,561,17,934,11,50,18,6,32,143,2820,272,2884,126,81953
2012,Asian,0,0,0,0,0,0,0,0,0,61,0,0,0,0,0,0,0,22,0,0,250,0,0,0,0,0,0,0,0,0,0,0,0,0,0,0,0,6,0,0,0,0,0,106,6,0,0,150,11,0,0,10,0,6,0,29,0,0,0,0,6,24,35,0,0,0,0,0,0,0,0,11,0,0,0,0,0,0,0,0,18,0,36,0,0,0,33,0,0,13,0,0,0,11,0,0,0,6,138,0,53,0,1473
2012,Hispanic,0,0,0,0,0,0,0,0,0,0,0,0,0,0,0,0,0,0,0,0,0,0,0,0,0,0,0,0,0,0,0,0,0,0,0,0,0,0,0,0,0,0,0,0,0,0,0,0,0,0,0,0,0,0,0,0,0,0,0,0,0,0,0,0,0,0,0,0,0,0,0,0,0,0,0,0,0,0,0,0,0,0,0,0,0,0,0,0,0,0,0,0,0,0,0,0,0,0,0,0,0,0,2
2012,Native American,0,0,0,0,0,0,0,0,0,14,0,0,0,0,0,0,0,6,0,0,34,0,0,0,0,0,0,0,0,0,0,0,0,0,0,0,0,0,0,0,0,0,0,16,0,0,0,13,0,0,0,0,0,0,0,0,0,0,0,0,0,0,0,0,0,0,0,0,0,0,0,0,0,0,0,0,0,0,0,0,0,0,0,0,0,0,0,0,0,0,0,0,0,0,0,0,0,0,0,0,6,0,105
2012,White,783,59,136,678,77,420,91,251,205,2057,556,284,250,388,1099,297,207,1947,343,298,11205,381,53,1230,649,294,1307,805,31,303,1012,51,151,129,153,585,551,781,122,526,670,332,134,8831,1615,1257,1012,8727,2782,474,691,974,792,1689,482,6551,862,190,342,467,845,5312,2536,182,330,484,758,1240,165,88,865,2946,568,257,338,31,252,94,607,260,2916,621,4294,126,40,446,2940,69,646,3643,240,1525,256,473,241,324,525,1028,5202,1356,4852,618,66684
2013,Black,202,90,17,79,6,29,0,18,18,2076,26,19,0,44,227,10,6,1205,31,11,2831,13,0,197,26,11,21,32,0,11,126,0,0,0,6,71,163,755,0,244,12,30,15,2716,1188,210,392,3472,323,20,69,173,167,1455,26,2830,219,6,6,66,340,276,1457,17,14,29,63,361,10,22,85,3337,79,36,19,0,146,0,70,6,1268,63,3742,6,0,6,3974,0,539,524,18,923,14,63,24,0,17,116,2606,335,2689,122,82746
2013,Asian,0,0,0,0,0,0,0,0,0,63,0,0,0,0,0,0,0,28,0,0,191,0,0,6,0,0,12,0,0,0,0,0,0,0,0,0,0,6,0,6,0,0,0,121,0,6,0,98,6,0,0,11,6,6,0,24,0,0,0,0,6,29,26,0,0,0,0,0,0,0,6,14,0,0,0,0,0,0,0,0,21,0,24,0,0,0,26,0,0,6,0,0,0,6,0,0,0,0,238,0,32,0,1381
2013,Hispanic,0,0,0,0,0,0,0,0,0,0,0,0,0,0,0,0,0,0,0,0,0,0,0,0,0,0,0,0,0,0,0,0,0,0,0,0,0,0,0,0,0,0,0,0,0,0,0,0,0,0,0,0,0,0,0,0,0,0,0,0,0,0,0,0,0,0,0,0,0,0,0,0,0,0,0,0,0,0,0,0,0,0,0,0,0,0,6,0,0,0,0,0,0,0,0,0,0,0,0,0,0,0,2
2013,Native American,0,0,0,0,0,0,0,0,0,19,0,0,0,0,0,0,0,6,0,0,39,0,0,0,0,0,0,0,0,0,0,0,0,0,0,0,0,0,0,0,0,0,0,15,0,0,0,11,0,0,0,0,0,0,0,0,0,0,0,0,0,0,0,0,0,0,0,0,0,0,0,0,0,0,0,0,0,0,0,0,0,0,0,0,0,0,6,0,0,0,0,0,0,0,0,0,0,0,6,0,10,0,91
2013,White,723,55,137,671,69,403,88,292,165,2040,546,295,261,378,1035,362,225,1877,366,282,10179,390,74,1127,608,239,1226,659,69,279,906,77,214,95,126,406,490,756,180,691,595,321,158,8650,1418,1126,1015,8065,2430,336,682,831,856,1615,430,6723,945,132,327,387,936,4918,2599,217,267,474,660,1135,165,60,899,2822,593,195,270,73,180,58,500,321,2646,528,4244,114,42,416,2891,71,473,3630,350,1495,285,412,303,259,504,945,4890,1415,4359,529,64489
2014,Black,171,86,23,98,6,39,0,15,21,2042,34,6,0,67,225,14,0,1074,18,13,2678,12,0,154,49,18,22,32,0,6,172,0,14,0,15,85,122,681,6,214,16,52,18,2599,1011,238,372,3418,299,6,61,189,139,1362,31,2700,203,6,0,68,353,317,1559,11,12,38,78,383,15,6,63,4031,96,19,6,0,76,0,71,6,1068,61,3494,6,0,6,3224,0,533,480,24,832,6,46,25,6,17,145,2961,359,2604,52,78027
2014,Asian,0,0,0,0,0,0,0,0,0,75,0,0,0,0,0,0,0,22,0,0,199,0,0,6,0,0,0,0,0,0,0,0,0,0,0,0,0,15,0,0,0,0,0,126,0,6,0,111,6,0,0,0,6,6,0,38,0,0,0,0,6,27,34,0,0,0,0,0,0,0,0,27,0,0,0,0,0,0,0,0,17,0,34,0,0,0,21,0,0,10,0,0,0,0,0,0,0,6,203,6,39,0,1298
2014,Hispanic,0,0,0,0,0,0,0,0,0,0,0,0,0,0,0,0,0,19,0,0,111,0,0,0,0,0,0,0,0,0,0,0,0,0,0,0,0,0,0,0,0,0,0,42,0,0,0,21,10,0,0,0,0,0,0,0,0,0,0,0,0,6,46,0,0,0,0,0,0,0,0,0,0,0,0,0,0,0,0,0,0,0,0,0,0,0,6,0,0,0,0,0,0,0,0,0,0,0,15,0,68,0,2201
2014,Native American,0,0,0,0,0,0,0,0,0,0,0,0,0,0,0,0,0,0,0,0,35,0,0,0,0,0,0,0,0,0,0,0,0,0,0,0,0,0,0,0,0,0,0,6,0,0,0,6,0,0,0,0,0,0,0,6,0,0,0,0,0,0,0,0,0,0,0,0,0,0,0,6,0,0,0,0,0,0,0,0,0,0,0,0,0,0,0,0,0,0,0,0,0,0,0,0,0,0,6,0,6,0,87
2014,White,784,36,135,877,69,354,79,277,172,1952,608,311,258,423,1041,465,188,1918,296,230,9140,432,47,1200,554,257,1349,596,44,251,907,94,237,80,103,475,370,808,160,614,579,275,124,7890,1347,1188,858,7947,2355,263,616,849,678,1562,425,6131,922,183,300,316,874,4646,2633,202,298,433,617,1077,140,11,796,2960,527,216,225,55,103,66,532,348,2052,438,4234,117,25,432,2657,68,389,3274,369,1450,312,343,200,315,435,1172,4666,1596,3803,473,58651
2015,Black,190,124,24,123,0,35,0,22,11,1973,28,6,6,48,266,22,6,904,14,27,2957,6,0,138,34,24,34,30,0,0,197,0,6,0,12,82,136,727,6,268,31,46,13,2525,1024,265,398,3301,440,10,80,272,142,1243,51,2780,203,13,6,48,325,320,1515,6,6,62,75,319,10,6,81,3818,86,20,15,6,203,0,60,6,1111,51,3287,6,0,11,2753,6,585,577,38,935,6,51,40,6,15,147,2732,285,2456,80,73481
2015,Asian,0,0,0,0,0,0,0,0,0,69,0,0,0,0,0,0,0,32,0,0,275,0,0,0,0,0,0,0,0,0,6,0,0,0,0,0,0,6,0,0,0,0,0,107,0,0,0,113,20,0,0,6,0,0,0,43,0,0,0,0,0,21,39,0,0,0,0,0,0,0,0,37,0,0,0,0,6,0,0,0,18,0,38,0,0,0,21,0,0,13,0,0,0,0,0,0,0,0,200,0,39,0,1227
2015,Hispanic,6,0,0,125,0,0,0,6,6,235,0,0,0,0,0,6,0,280,15,28,2118,0,0,22,0,24,0,0,0,0,79,0,0,0,11,12,21,43,0,16,6,6,0,2616,170,51,42,1453,102,0,32,61,0,21,0,35,0,0,0,0,43,619,245,0,0,0,0,18,0,0,110,0,13,0,0,0,16,0,6,0,99,0,11,0,0,0,65,0,0,15,0,0,0,0,0,0,0,35,840,34,607,13,29610
2015,Native American,0,0,0,0,0,0,0,0,0,0,0,0,0,0,0,0,0,0,0,0,46,0,0,0,0,0,0,0,0,0,0,0,0,0,0,0,0,0,0,0,0,0,0,12,0,0,0,6,0,0,0,0,0,0,0,0,0,0,0,0,0,0,6,0,0,0,0,0,0,0,0,6,0,0,0,0,0,0,0,0,0,0,0,0,0,0,6,0,0,0,0,0,0,0,0,0,0,0,11,0,10,0,94
2015,White,743,60,229,876,35,411,61,231,136,1651,649,302,234,447,967,471,216,1480,277,310,6878,485,45,1169,428,229,1408,570,41,369,937,89,294,130,124,464,470,725,205,776,610,256,166,4704,1105,990,912,5796,2391,396,521,799,737,1580,675,6804,1149,168,394,254,802,3888,2456,172,256,440,700,1084,133,16,817,3219,610,263,272,58,164,67,491,356,2090,485,4256,48,42,443,2252,52,488,3380,312,1622,357,246,231,314,483,1179,3789,1413,3554,469,27022
2016,Black,200,87,29,217,0,32,0,23,6,1960,22,18,11,53,246,12,6,975,32,34,3015,13,0,168,76,10,33,17,0,13,156,0,14,0,0,100,134,704,6,275,30,45,6,2626,959,222,396,3079,435,15,60,246,108,1372,39,2897,231,6,21,64,318,380,1609,6,24,46,72,305,13,11,80,3918,107,14,15,0,223,0,63,11,1012,69,3173,0,0,6,2344,0,657,619,32,1051,10,71,26,6,18,154,2574,248,2404,86,65991
2016,Asian,0,0,0,6,0,0,0,0,0,55,0,0,0,0,0,0,0,6,0,0,247,0,0,6,0,0,0,0,0,0,0,0,0,0,0,0,0,6,0,0,0,0,0,124,0,6,0,116,10,0,0,6,0,0,0,37,0,0,0,0,6,30,37,0,0,0,0,0,0,0,0,44,0,0,0,0,6,0,0,0,23,0,38,0,0,0,16,0,0,6,0,0,0,6,0,0,0,0,89,6,43,0,1115
2016,Hispanic,0,0,0,143,0,0,0,6,6,185,0,0,0,33,11,6,0,366,6,20,2098,0,0,17,22,12,0,0,0,0,80,0,0,0,0,6,22,30,0,24,6,19,0,3251,147,36,51,1540,87,0,29,61,6,34,0,41,6,6,0,0,35,720,253,0,0,0,0,13,0,0,80,0,6,0,0,0,35,0,14,0,210,0,6,0,0,0,74,0,6,87,6,0,0,44,0,0,0,74,729,29,565,21,24861
2016,Native American,0,0,0,0,0,0,0,0,0,0,0,0,0,0,0,0,0,0,0,0,22,0,0,0,0,0,0,0,0,0,0,0,0,0,0,0,0,0,0,0,0,0,0,6,0,0,0,6,0,0,0,0,0,0,0,6,0,0,0,0,0,0,0,0,0,0,0,0,0,0,0,0,0,0,0,0,0,0,0,0,0,0,0,0,0,0,6,0,0,0,0,0,0,0,0,0,0,0,6,0,6,0,57
2016,White,780,58,215,990,17,327,50,212,60,1443,544,385,188,427,944,459,172,1216,348,306,6150,503,58,1169,807,205,1227,514,38,381,824,75,336,92,91,477,420,734,169,704,617,273,135,3932,1135,976,881,5046,2235,349,442,694,635,1509,738,7389,1136,164,352,334,697,3770,2259,190,352,429,742,976,104,14,747,2879,549,199,291,60,138,63,483,330,1777,555,3996,12,30,357,1829,48,602,3153,341,1649,337,326,306,309,522,956,3985,1486,3314,381,23874
2017,Black,218,67,34,279,0,47,0,16,11,1980,27,11,6,36,224,18,6,976,67,26,3246,6,0,130,61,16,29,23,0,6,128,0,12,0,6,81,120,668,0,261,38,69,10,2567,989,192,343,3061,466,23,63,177,171,1299,44,3039,298,6,26,46,275,356,1407,10,15,73,60,297,10,24,97,3599,87,10,6,0,108,6,59,13,1001,74,3169,0,0,12,2141,0,524,532,28,951,17,84,36,6,20,120,2314,373,2355,98,65143
2017,Asian,0,0,0,0,0,0,0,0,0,57,0,0,0,0,0,0,0,6,0,0,273,0,0,11,0,0,0,0,0,0,0,0,0,0,0,0,0,6,0,0,0,0,0,93,0,6,0,89,10,0,0,6,0,6,0,22,0,0,0,0,0,25,29,0,0,0,0,0,0,0,0,26,0,0,0,0,0,0,0,0,20,0,27,0,0,0,24,0,0,6,0,0,0,0,0,0,0,0,47,6,31,0,1058
2017,Hispanic,0,0,0,132,0,13,0,10,11,191,0,0,0,15,16,6,6,297,16,16,2072,0,0,6,13,14,0,0,0,6,50,0,0,0,0,0,16,26,0,23,6,17,0,2459,153,32,42,1343,113,0,16,59,12,38,0,60,0,6,0,0,15,575,184,0,0,0,0,26,0,0,76,0,6,0,6,0,13,0,6,0,189,0,0,6,0,0,66,0,0,56,0,0,0,33,0,0,6,71,501,31,554,15,20637
2017,Native American,0,0,0,0,0,0,0,0,0,6,0,0,0,0,0,0,0,6,0,0,25,0,0,0,0,0,0,6,0,0,0,0,0,0,0,0,0,0,0,0,0,0,0,11,0,0,0,6,0,0,0,0,0,0,0,6,0,0,0,0,0,6,0,0,0,0,0,0,0,0,0,6,0,0,0,0,0,0,0,0,0,0,0,0,0,0,0,0,0,0,0,0,0,0,0,0,0,0,6,0,6,0,63
2017,White,857,41,226,985,16,372,42,219,82,1503,560,387,246,330,916,405,209,1252,311,339,5335,405,57,1115,514,185,1333,477,33,354,723,68,350,95,87,493,377,682,207,831,713,313,115,3814,1092,668,908,4422,2146,312,397,716,580,1321,665,7075,1226,160,329,328,662,3204,1980,171,302,365,653,926,95,19,665,2445,454,141,346,52,124,51,483,381,1652,598,3883,35,38,303,1912,51,519,2975,355,1577,397,313,233,204,414,732,3664,1639,2723,405,20243
2018,Black,219,72,29,392,0,40,0,18,11,1985,31,12,6,39,208,14,6,1105,57,46,2993,6,0,126,11,22,34,38,0,6,126,0,14,0,12,108,119,551,10,231,26,68,6,2438,1236,170,364,2674,433,17,64,208,104,1316,34,3160,209,0,35,88,244,377,1370,6,15,56,57,289,0,35,113,3132,71,13,15,0,53,6,66,15,964,80,3429,0,0,6,2593,0,635,480,26,876,13,46,32,12,20,76,2230,378,2229,114,64665
2018,Asian,0,0,0,10,0,0,0,0,0,43,0,0,0,0,0,0,0,6,0,0,228,0,0,0,0,0,0,0,0,0,0,0,0,0,0,0,0,0,0,0,0,0,0,85,6,0,0,76,6,0,0,0,0,11,0,46,0,0,0,6,0,27,24,0,0,0,0,6,0,0,0,26,6,0,0,0,0,0,0,0,11,0,28,0,0,0,16,0,0,6,0,0,0,6,0,0,0,0,45,0,25,0,1020
2018,Hispanic,0,0,6,60,0,35,0,0,15,170,0,0,0,13,15,0,0,264,12,21,1980,0,0,0,0,6,0,0,0,6,56,0,0,0,0,0,10,32,0,29,0,21,0,2209,36,35,52,1639,100,0,12,54,13,20,0,56,6,0,10,0,21,622,191,0,0,0,0,23,0,0,39,0,6,0,0,0,11,0,12,0,171,0,6,0,0,0,67,0,6,22,6,0,0,23,0,0,0,63,448,33,517,14,20024
2018,Native American,0,0,0,0,0,0,0,0,0,6,0,0,0,0,0,0,0,0,0,0,24,0,0,0,0,0,0,0,0,0,0,0,0,0,0,0,0,0,0,0,0,0,0,0,0,0,0,13,0,0,0,0,0,0,0,0,0,0,0,0,0,0,0,0,0,0,0,0,0,0,0,6,0,0,0,0,0,0,0,0,0,0,0,0,0,0,6,0,0,0,0,0,0,0,0,0,0,0,6,0,6,0,66
2018,White,861,38,233,1032,11,426,53,227,73,1390,617,349,219,272,1061,359,169,1113,275,324,4860,297,63,1102,185,147,1308,576,40,368,732,66,296,88,75,383,435,654,232,702,546,342,112,3586,1084,622,994,3707,2058,374,415,635,513,1246,624,7369,1154,135,359,380,502,3094,1986,155,284,434,614,972,6,25,703,2240,496,155,308,63,59,51,529,395,1644,701,4062,11,31,266,2332,49,637,3049,339,1537,303,244,204,200,378,695,3297,1752,2446,411,19525
2019,Black,201,65,35,243,0,38,0,20,6,2063,43,19,6,39,211,0,6,935,50,43,2865,0,6,108,11,14,42,25,0,11,176,0,16,0,0,75,116,551,17,283,38,61,20,2449,1278,200,392,2574,387,11,67,243,138,1342,35,3288,249,6,25,74,228,341,1452,6,6,70,63,316,0,6,90,3158,70,6,28,0,100,0,82,14,890,70,3321,0,0,11,2627,6,614,539,35,872,6,34,26,6,20,106,2262,286,2775,179,65979
2019,Asian,0,0,0,0,0,0,0,0,0,44,0,0,0,0,0,0,0,6,0,0,250,0,0,0,0,0,0,0,0,0,0,0,0,0,0,6,0,6,0,0,0,0,0,92,0,6,0,118,10,0,0,0,0,6,0,24,0,0,0,6,0,27,23,0,0,0,0,0,0,0,0,38,0,0,0,0,0,0,0,0,12,0,31,0,0,0,18,0,6,0,0,0,0,0,0,0,0,0,42,6,45,0,1065
2019,Hispanic,0,0,0,25,0,26,0,6,11,125,0,6,0,11,33,0,6,221,13,28,1899,0,0,6,0,11,6,0,0,6,77,0,0,0,0,0,6,31,0,18,0,16,0,2156,15,41,55,1761,127,0,23,68,6,0,0,47,13,0,0,0,12,623,187,0,0,0,6,16,0,0,6,0,6,0,6,0,14,0,15,6,210,0,0,0,0,0,66,0,6,6,6,0,0,6,6,0,0,76,384,41,617,0,20195
2019,Native American,0,0,0,0,0,0,0,0,0,6,0,0,0,0,0,0,0,0,0,0,20,0,0,0,0,0,0,0,0,0,0,0,0,0,0,0,0,0,0,0,0,0,0,6,0,0,0,11,0,0,0,0,0,0,0,11,0,0,0,0,0,0,0,0,0,0,0,0,0,0,0,0,0,0,0,0,0,0,0,0,0,0,0,0,0,0,0,0,0,0,0,0,0,0,0,0,0,0,6,0,0,0,54
2019,White,799,57,158,859,20,418,63,210,112,1412,550,310,229,258,924,159,161,1028,250,342,4599,191,52,1078,240,149,1057,588,40,279,778,77,298,73,57,327,351,636,224,822,603,385,113,3606,1131,579,1048,3651,1905,352,414,633,637,1258,576,7803,1215,150,249,294,594,2801,1828,136,194,475,585,909,35,12,723,2239,338,123,343,46,95,38,546,365,1699,734,3827,73,32,326,2330,112,595,2954,319,1424,268,205,156,199,344,639,3058,1551,2638,490,17971
2020,Black,92,43,24,160,0,28,0,17,0,1463,24,12,0,28,197,6,0,984,30,63,2330,0,0,27,0,6,44,21,0,10,166,0,0,0,6,17,100,311,0,146,28,27,11,1829,877,159,266,1839,352,6,55,201,53,1032,32,1855,265,0,0,54,123,251,1303,12,6,36,53,203,10,12,61,2148,51,14,23,0,102,0,54,17,654,20,2310,0,0,6,1938,6,537,315,6,782,0,30,24,6,12,65,2051,143,1657,145,42922
2020,Asian,0,0,0,0,0,0,0,0,0,32,0,0,0,0,0,0,0,6,0,0,149,0,0,0,0,0,0,0,0,0,0,0,0,0,0,0,0,0,0,0,0,0,0,66,0,0,0,54,0,0,0,6,0,0,0,10,0,0,0,6,0,25,17,0,0,0,0,0,0,0,0,32,0,0,0,0,0,0,0,0,6,0,21,0,0,0,6,0,0,0,0,0,0,0,0,0,0,6,24,0,28,0,677
2020,Hispanic,0,0,0,17,0,16,0,6,6,77,0,0,0,6,20,0,0,177,6,16,1629,0,0,0,0,0,10,0,0,6,60,0,0,0,0,0,11,18,0,28,0,6,0,801,6,24,43,1253,97,0,10,47,6,0,0,49,0,0,0,0,6,446,161,0,0,6,0,15,0,0,11,0,6,0,6,0,15,0,11,6,122,0,0,6,0,0,58,0,6,0,0,0,0,15,6,0,0,41,331,24,356,0,14117
2020,Native American,0,0,0,0,0,0,0,0,0,6,0,0,0,0,0,0,0,0,0,0,16,0,0,0,0,0,0,0,0,0,0,0,0,0,0,0,0,0,0,0,0,0,0,0,0,0,0,6,0,0,0,0,0,0,0,0,0,0,0,0,0,0,0,0,0,0,0,0,0,0,0,0,0,0,0,0,0,0,0,0,0,0,0,0,0,0,6,0,0,0,0,0,0,0,0,0,0,0,6,0,0,0,41
2020,White,290,57,136,608,17,243,32,228,50,1003,392,257,211,182,897,332,82,794,150,282,3298,76,39,507,14,76,698,462,11,277,618,71,216,66,53,43,312,280,177,535,479,179,75,3508,820,497,751,2190,1477,198,366,469,292,893,456,4469,1064,105,32,202,392,1779,1502,97,117,308,572,739,82,11,470,1243,214,125,260,11,65,44,441,280,1049,168,2522,74,25,130,1702,73,477,2183,167,1191,135,143,177,210,216,559,2402,831,1594,356,11991
2021,Black,148,40,13,136,0,19,0,17,0,1283,10,6,0,25,204,0,6,885,25,43,2507,0,0,34,0,10,25,29,0,12,110,0,15,0,0,6,96,290,0,167,35,90,6,1639,808,170,285,1643,478,19,60,262,67,997,44,1800,178,6,6,35,146,272,1367,12,10,43,59,209,12,18,87,2188,44,11,17,0,77,0,45,12,684,0,2392,0,0,6,1026,6,472,452,13,938,6,23,43,0,6,91,1951,152,1867,187,36171
2021,Asian,0,0,0,6,0,0,0,0,0,23,0,0,0,0,0,0,0,6,0,0,212,0,0,0,0,0,0,0,0,0,0,0,0,0,0,0,0,0,0,0,0,0,0,62,0,0,0,73,6,0,0,0,0,0,0,27,0,0,0,0,0,28,20,0,0,0,0,0,0,0,0,33,0,0,0,0,0,0,0,0,18,0,19,0,0,0,13,0,0,6,0,0,0,0,0,0,0,0,37,0,27,0,668
2021,Hispanic,0,0,0,14,0,24,0,0,13,0,0,0,0,13,25,0,6,159,16,18,1921,0,0,0,0,0,6,0,0,6,68,0,6,0,0,0,18,6,0,22,6,16,0,617,107,45,38,1209,126,0,14,67,6,0,0,45,0,0,0,0,6,515,172,0,0,10,6,13,0,0,28,0,0,0,0,0,0,0,15,6,134,0,6,0,0,0,41,0,15,6,0,0,0,21,0,0,0,76,574,25,238,0,12903
2021,Native American,0,0,0,0,0,0,0,0,0,0,0,0,0,0,0,0,0,0,0,0,15,0,0,0,0,0,0,0,0,0,0,0,0,0,0,0,0,0,0,0,0,0,0,0,0,0,0,6,0,0,0,0,0,0,0,0,0,0,0,0,0,0,0,0,0,0,0,0,0,0,0,0,0,0,0,0,0,0,0,0,0,0,0,0,0,0,0,0,0,0,0,0,0,0,0,0,0,0,6,0,0,0,34
2021,White,486,50,114,609,14,176,35,212,69,958,346,256,197,168,858,224,148,574,189,257,3176,19,23,627,171,101,656,402,17,236,615,62,188,44,34,48,239,310,132,541,586,281,73,3518,774,508,624,2136,1452,246,314,640,322,844,288,5108,855,102,107,150,438,1793,1522,134,131,253,494,753,125,6,512,1390,211,115,269,6,48,54,269,369,1015,56,2606,67,19,135,948,58,425,2542,218,1135,159,176,213,255,215,597,2346,934,1932,403,10456
